file,clip_id,cue_index,timestamp_range,start_tc,end_tc,duration_sec,loop_bin,intensity,score,text
tx_019.srt,tx_019,206,"00:06:04,735 --> 00:06:06,570","00:06:04,735","00:06:06,570",1.8349999999999795,micro,max,45,WE HOLD BROADCASTERS ACCOUNTABLE TO PUBLIC INTEREST OBLIGATIONS
tx_002.srt,tx_002,76,"00:03:04,639 --> 00:03:10,558","00:03:04,639","00:03:10,558",5.918999999999983,phrase,max,43,threatening of licenses of broadcasters
tx_013.srt,tx_013,157,"00:06:09,769 --> 00:06:11,271","00:06:09,769","00:06:11,271",1.5020000000000095,micro,max,41,of fines or license revocations
tx_013.srt,tx_013,315,"00:12:35,388 --> 00:12:38,191","00:12:35,388","00:12:38,191",2.8029999999999973,short,max,37,Carr leaned on broadcasters to take down Kimmel.
tx_020.srt,tx_020,36,"00:01:14,640 --> 00:01:19,680","00:01:14,640","00:01:19,680",5.040000000000006,phrase,max,37,the greatest threats to free speech in
tx_009.srt,tx_009,50,"00:00:47,012 --> 00:00:49,181","00:00:47,012","00:00:49,181",2.168999999999997,short,max,35,THREATS OF. REGULATORY ACTION.
tx_019.srt,tx_019,205,"00:06:02,166 --> 00:06:04,724","00:06:02,166","00:06:04,724",2.5579999999999927,short,max,35,SO I THINK IT’S IMPORTANT THAT WE HOLD BROADCASTERS ACCOUNTABLE
tx_022.srt,tx_022,202,"00:07:47,501 --> 00:07:50,304","00:07:47,501","00:07:50,304",2.8029999999999973,short,max,35,after facing pressure from Donald Trump's FCC.
tx_019.srt,tx_019,264,"00:07:52,878 --> 00:07:53,835","00:07:52,878","00:07:53,835",0.9569999999999936,micro,high,34,CENTENNIAL MINUTE WHERE BROADCASTERS WOULD DO A MINUTE
tx_019.srt,tx_019,233,"00:07:00,124 --> 00:07:01,124","00:07:00,124","00:07:01,124",1.0,micro,high,34,BROADCASTERS TO AIR PRO AMERICA PATRIOTIC PROGRAMMING TO
tx_013.srt,tx_013,151,"00:05:53,954 --> 00:05:56,790","00:05:53,954","00:05:56,790",2.8360000000000127,short,high,34,that a lot of these licensed broadcasters themselves
tx_022.srt,tx_022,323,"00:12:17,604 --> 00:12:21,375","00:12:17,604","00:12:21,375",3.770999999999958,short,high,34,There's a reason free speech is in the very First Amendment.
tx_003.srt,tx_003,16,"00:00:24,559 --> 00:00:28,398","00:00:24,559","00:00:28,398",3.8389999999999986,short,high,33,"free speech and free expression, and we"
tx_006.srt,tx_006,59,"00:02:26,560 --> 00:02:33,359","00:02:26,560","00:02:33,359",6.799000000000007,phrase,high,33,Carr's u mafia boss threats against the
tx_019.srt,tx_019,215,"00:06:22,120 --> 00:06:23,977","00:06:22,120","00:06:23,977",1.856999999999971,micro,high,32,YOU ANNOUNCED THE CAMPAIGN ENCOURAGING BROADCASTERS TO AIR
tx_019.srt,tx_019,239,"00:07:07,966 --> 00:07:09,857","00:07:07,966","00:07:09,857",1.8910000000000196,micro,high,32,BROADCASTERS HAVE EMBRACED IT. SOME ON THE LEFT PUSHED BACK.
tx_019.srt,tx_019,216,"00:06:23,988 --> 00:06:25,946","00:06:23,988","00:06:25,946",1.9580000000000268,micro,high,32,"ENCOURAGING BROADCASTERS TO AIR MORE PRO AMERICA CONTENT, SUCH"
tx_022.srt,tx_022,211,"00:08:09,489 --> 00:08:11,491","00:08:09,489","00:08:11,491",2.0020000000000095,short,high,32,Trump promised to end government censorship
tx_019.srt,tx_019,265,"00:07:53,846 --> 00:07:55,946","00:07:53,846","00:07:55,946",2.1000000000000227,short,high,32,"BROADCASTERS WOULD DO A MINUTE EVERY DAY, SOMETHING ABOUT THE"
tx_019.srt,tx_019,238,"00:07:05,564 --> 00:07:07,964","00:07:05,564","00:07:07,964",2.3999999999999773,short,high,32,INTERESTING. BROADCASTERS HAVE EMBRACED IT.
tx_009.srt,tx_009,337,"00:06:09,769 --> 00:06:12,370","00:06:09,769","00:06:12,370",2.600999999999999,short,high,32,"BROADCASTERS ARE GOING TO, YOU"
tx_019.srt,tx_019,232,"00:06:57,388 --> 00:07:00,090","00:06:57,388","00:07:00,090",2.701999999999998,short,high,32,CAMPAIGN WHICH ALLOWS BROADCASTERS TO AIR PRO AMERICA
tx_013.srt,tx_013,156,"00:06:06,800 --> 00:06:09,703","00:06:06,800","00:06:09,703",2.902999999999963,short,high,32,"we, the licensed broadcaster, are running the possibility"
tx_027.srt,tx_027,72,"00:02:52,318 --> 00:02:56,318","00:02:52,318","00:02:56,318",4.0,short,high,32,threatening ABC's licenses when he made
tx_017.srt,tx_017,205,"00:11:59,051 --> 00:12:00,686","00:11:59,051","00:12:00,686",1.634999999999991,micro,high,31,those licenses directly.
tx_013.srt,tx_013,294,"00:11:44,337 --> 00:11:46,072","00:11:44,337","00:11:46,072",1.7350000000000136,micro,high,31,of local broadcasters refusing to carry
tx_024.srt,tx_024,171,"00:07:49,360 --> 00:07:51,919","00:07:49,360","00:07:51,919",2.558999999999969,short,high,31,broadcast licenses of people who don't
tx_013.srt,tx_013,475,"00:19:55,494 --> 00:19:58,197","00:19:55,494","00:19:58,197",2.7029999999999745,short,high,31,that the First Amendment is absolutely critical
tx_013.srt,tx_013,432,"00:18:19,702 --> 00:18:22,435","00:18:19,702","00:18:22,435",2.7329999999999472,short,high,31,the first casualty in Trump's attacks on free speech.
tx_022.srt,tx_022,272,"00:10:11,912 --> 00:10:15,282","00:10:11,912","00:10:15,282",3.3700000000000045,short,high,31,accused the Trump administration of ending free speech.
tx_016.srt,tx_016,5,"00:00:12,846 --> 00:00:16,583","00:00:12,846","00:00:16,583",3.7369999999999983,short,high,31,"after pressure from the FCC, leaving everyone thinking,"
tx_008.srt,tx_008,69,"00:02:20,159 --> 00:02:24,958","00:02:20,159","00:02:24,958",4.799000000000007,short,high,31,local broadcasters that have the public
tx_021.srt,tx_021,45,"00:01:37,840 --> 00:01:43,100","00:01:37,840","00:01:43,100",5.259999999999991,phrase,high,31,broadcasting licenses revoked. They give
tx_019.srt,tx_019,207,"00:06:06,604 --> 00:06:07,527","00:06:06,604","00:06:07,527",0.9230000000000018,micro,high,30,TO PUBLIC INTEREST OBLIGATIONS AND THAT’S WHAT WE’RE DOING AT
tx_009.srt,tx_009,139,"00:02:11,663 --> 00:02:13,298","00:02:11,663","00:02:13,298",1.634999999999991,micro,high,30,LICENSES OF ABC AFFILIATES
tx_019.srt,tx_019,275,"00:08:11,330 --> 00:08:13,031","00:08:11,330","00:08:13,031",1.7010000000000218,micro,high,30,"THANK YOU, SIR. FCC CHAIRMAN, BRENDAN CARR."
tx_009.srt,tx_009,186,"00:03:21,167 --> 00:03:23,401","00:03:21,167","00:03:23,401",2.234000000000009,short,high,30,THE FCC THREATENED TO.
tx_019.srt,tx_019,116,"00:03:30,480 --> 00:03:32,781","00:03:30,480","00:03:32,781",2.301000000000016,short,high,30,MARIA: LET ME MOVE ON TO THE FCC’S INVESTIGATION OVER ABC’S
tx_019.srt,tx_019,202,"00:05:57,895 --> 00:06:00,196","00:05:57,895","00:06:00,196",2.3010000000000446,short,high,30,AT THE SAME TIME THE TRUST IN MEDIA HAS JUST ABSOLUTELY BEEN
tx_017.srt,tx_017,380,"00:19:25,063 --> 00:19:27,699","00:19:25,063","00:19:27,699",2.6359999999999673,short,high,30,Is Donald Trump stifling free speech?
tx_022.srt,tx_022,274,"00:10:17,518 --> 00:10:20,354","00:10:17,518","00:10:20,354",2.8360000000000127,short,high,30,blaming the Trump administration for threatening media companies
tx_015.srt,tx_015,10,"00:00:10,176 --> 00:00:13,179","00:00:10,176","00:00:13,179",3.003,short,high,30,against government pressure.
tx_019.srt,tx_019,117,"00:03:32,815 --> 00:03:36,074","00:03:32,815","00:03:36,074",3.2590000000000146,short,high,30,FCC’S INVESTIGATION OVER ABC’S THE VIEW AFTER A SENATE
tx_011.srt,tx_011,23,"00:00:48,399 --> 00:00:53,360","00:00:48,399","00:00:53,360",4.9609999999999985,short,high,30,subject to governmental pressures. And
tx_020.srt,tx_020,13,"00:00:23,600 --> 00:00:29,119","00:00:23,600","00:00:29,119",5.518999999999998,phrase,high,30,came after public pressure from FCC
tx_009.srt,tx_009,283,"00:05:06,338 --> 00:05:07,973","00:05:06,338","00:05:07,973",1.634999999999991,micro,high,29,">> YOU KNOW, FREE SPEECH"
tx_022.srt,tx_022,212,"00:08:11,491 --> 00:08:13,293","00:08:11,491","00:08:13,293",1.802000000000021,micro,high,29,"and bring back free speech, and he's doing the opposite."
tx_022.srt,tx_022,158,"00:06:17,344 --> 00:06:19,346","00:06:17,344","00:06:19,346",2.0020000000000095,short,high,29,"-We've had free speech for a very, very long time"
tx_022.srt,tx_022,178,"00:07:00,287 --> 00:07:02,322","00:07:00,287","00:07:02,322",2.035000000000025,short,high,29,We have free speech. We didn't have free speech.
tx_013.srt,tx_013,138,"00:05:14,548 --> 00:05:16,850","00:05:14,548","00:05:16,850",2.302000000000021,short,high,29,"And on Wednesday, Brendan Carr, the chair of the FCC,"
tx_013.srt,tx_013,287,"00:11:27,115 --> 00:11:29,422","00:11:27,115","00:11:29,422",2.3070000000000164,short,high,29,local broadcasters tell what we call
tx_013.srt,tx_013,303,"00:12:01,621 --> 00:12:04,461","00:12:01,621","00:12:04,461",2.840000000000032,short,high,29,local broadcasters responding to their community values
tx_013.srt,tx_013,309,"00:12:16,135 --> 00:12:19,159","00:12:16,135","00:12:19,159",3.024000000000001,short,high,29,Calling these companies local broadcasters
tx_022.srt,tx_022,171,"00:06:39,833 --> 00:06:43,270","00:06:39,833","00:06:43,270",3.436999999999955,short,high,29,"-In America, we believe in free speech"
tx_022.srt,tx_022,175,"00:06:50,010 --> 00:06:53,547","00:06:50,010","00:06:53,547",3.5370000000000346,short,high,29,I will restore free speech. I will restore free speech.
tx_017.srt,tx_017,181,"00:11:03,162 --> 00:11:06,799","00:11:03,162","00:11:06,799",3.6369999999999436,short,high,29,"So, you know, you can call that free speech or not."
tx_006.srt,tx_006,113,"00:04:32,319 --> 00:04:36,319","00:04:32,319","00:04:36,319",4.0,short,high,29,speech and I support free speech
tx_010.srt,tx_010,35,"00:01:20,640 --> 00:01:24,640","00:01:20,640","00:01:24,640",4.0,short,high,29,"understand is that the broadcasters, and"
tx_008.srt,tx_008,141,"00:04:45,519 --> 00:04:49,599","00:04:45,519","00:04:49,599",4.079999999999984,short,high,29,that local broadcasters feel like they
tx_008.srt,tx_008,41,"00:01:22,239 --> 00:01:26,319","00:01:22,239","00:01:26,319",4.079999999999998,short,high,29,now. You don't have an FCC license. You
tx_024.srt,tx_024,58,"00:02:36,318 --> 00:02:40,558","00:02:36,318","00:02:40,558",4.239999999999981,short,high,29,sending a clear signal to broadcasters
tx_024.srt,tx_024,151,"00:06:26,240 --> 00:06:30,639","00:06:26,240","00:06:30,639",4.399000000000001,short,high,29,for broadcasters to push back on Disney
tx_002.srt,tx_002,80,"00:03:15,199 --> 00:03:19,998","00:03:15,199","00:03:19,998",4.798999999999978,short,high,29,Chairman Carr's threats as akin to
tx_008.srt,tx_008,64,"00:02:10,800 --> 00:02:15,679","00:02:10,800","00:02:15,679",4.878999999999991,short,high,29,broadcasters are now pushing back on
tx_024.srt,tx_024,63,"00:02:46,080 --> 00:02:51,040","00:02:46,080","00:02:51,040",4.9599999999999795,short,high,29,broadcasters themselves push back on
tx_006.srt,tx_006,98,"00:03:59,519 --> 00:04:04,560","00:03:59,519","00:04:04,560",5.040999999999997,phrase,high,29,deplatform Americans and broadcasters
tx_006.srt,tx_006,100,"00:04:04,560 --> 00:04:10,720","00:04:04,560","00:04:10,720",6.159999999999997,phrase,high,29,FCC to revoke licenses from Sinclair for
tx_009.srt,tx_009,262,"00:04:52,357 --> 00:04:53,292","00:04:52,357","00:04:53,292",0.9349999999999454,micro,high,28,>> PRESSURE DO.
tx_009.srt,tx_009,290,"00:05:11,444 --> 00:05:13,111","00:05:11,444","00:05:13,111",1.6669999999999732,micro,high,28,>> PRESSURE FROM THE LEFT HERE.
tx_022.srt,tx_022,173,"00:06:45,739 --> 00:06:47,608","00:06:45,739","00:06:47,608",1.8690000000000282,micro,high,28,I stopped government censorship
tx_009.srt,tx_009,121,"00:01:54,346 --> 00:01:56,247","00:01:54,346","00:01:56,247",1.9009999999999962,micro,high,28,>> PRESSURE ON ABC.
tx_022.srt,tx_022,180,"00:07:04,124 --> 00:07:06,560","00:07:04,124","00:07:06,560",2.4359999999999786,short,high,28,And I have stopped all government censorship
tx_006.srt,tx_006,103,"00:04:12,080 --> 00:04:14,959","00:04:12,080","00:04:14,959",2.8789999999999907,short,high,28,on government censorship in the First
tx_009.srt,tx_009,247,"00:04:35,139 --> 00:04:38,276","00:04:35,139","00:04:38,276",3.1370000000000005,short,high,28,>> THINK THAT THE PRESSURE ON
tx_003.srt,tx_003,13,"00:00:19,039 --> 00:00:22,400","00:00:19,039","00:00:22,400",3.360999999999997,short,high,28,to silence its critics and control what
tx_022.srt,tx_022,176,"00:06:53,547 --> 00:06:57,351","00:06:53,547","00:06:57,351",3.8039999999999736,short,high,28,I banned government censorship from your voices
tx_022.srt,tx_022,283,"00:10:42,009 --> 00:10:45,846","00:10:42,009","00:10:45,846",3.836999999999989,short,high,28,that is allowed to be critical of the government.
tx_020.srt,tx_020,7,"00:00:10,160 --> 00:00:14,639","00:00:10,160","00:00:14,639",4.478999999999999,short,high,28,the senator calls the pressure by the
tx_024.srt,tx_024,140,"00:05:51,839 --> 00:05:56,319","00:05:51,839","00:05:56,319",4.480000000000018,short,high,28,over the line. But the threat of Trump
tx_023.srt,tx_023,35,"00:01:19,200 --> 00:01:23,839","00:01:19,200","00:01:23,839",4.638999999999996,short,high,28,>> We need free speech in UK cuz we've not
tx_011.srt,tx_011,33,"00:01:16,319 --> 00:01:21,679","00:01:16,319","00:01:21,679",5.359999999999999,phrase,high,28,First Amendment. We've watched the Trump
tx_015.srt,tx_015,125,"00:02:51,271 --> 00:02:52,138","00:02:51,271","00:02:52,138",0.8670000000000186,micro,med,27,for free speech.
tx_022.srt,tx_022,161,"00:06:23,884 --> 00:06:24,885","00:06:23,884","00:06:24,885",1.0009999999999764,micro,med,27,-[ British accent ] We've had free speech
tx_019.srt,tx_019,139,"00:04:17,293 --> 00:04:18,393","00:04:17,293","00:04:18,393",1.099999999999966,micro,med,27,OVER THE YEARS THE FCC EFFECTIVELY WALKED AWAY FROM
tx_022.srt,tx_022,250,"00:09:28,569 --> 00:09:29,670","00:09:28,569","00:09:29,670",1.100999999999999,micro,med,27,crackdown on free speech
tx_019.srt,tx_019,257,"00:07:42,734 --> 00:07:43,868","00:07:42,734","00:07:43,868",1.1340000000000146,micro,med,27,"LOOK, WE STARTED THE FCC’S OPEN MEETINGS I CHAIR WITH THE PLEDGE"
tx_019.srt,tx_019,26,"00:00:45,180 --> 00:00:46,403","00:00:45,180","00:00:46,403",1.222999999999999,micro,med,27,THE FCC SAYS WEDNESDAY IT WOULD SEEK PUBLIC COMMENT ON
tx_015.srt,tx_015,9,"00:00:08,942 --> 00:00:10,176","00:00:08,942","00:00:10,176",1.234,micro,med,27,of free speech
tx_022.srt,tx_022,184,"00:07:12,666 --> 00:07:13,934","00:07:12,666","00:07:13,934",1.268000000000029,micro,med,27,can agree free speech is a good thing.
tx_019.srt,tx_019,181,"00:05:27,331 --> 00:05:28,731","00:05:27,331","00:05:28,731",1.3999999999999773,micro,med,27,"THEY ARE, THE TEST UNDER THE FCC’S RULES IS WHETHER YOU ARE"
tx_015.srt,tx_015,311,"00:06:47,707 --> 00:06:49,175","00:06:47,707","00:06:49,175",1.4680000000000177,micro,med,27,of a station licenses
tx_019.srt,tx_019,245,"00:07:21,746 --> 00:07:23,237","00:07:21,746","00:07:23,237",1.4910000000000423,micro,med,27,NEED THE FCC TO REMIND VIEWERS AND REMIND PEOPLE WHO ARE
tx_022.srt,tx_022,195,"00:07:33,387 --> 00:07:34,888","00:07:33,387","00:07:34,888",1.5009999999999764,micro,med,27,the first montage about free speech
tx_019.srt,tx_019,37,"00:01:06,601 --> 00:01:08,192","00:01:06,601","00:01:08,192",1.590999999999994,micro,med,27,JOINING ME IS THE CHAIRMAN OF THE FCC.
tx_017.srt,tx_017,204,"00:11:57,450 --> 00:11:59,051","00:11:57,450","00:11:59,051",1.600999999999999,micro,med,27,Or the FCC can just choose to threaten
tx_013.srt,tx_013,50,"00:01:47,040 --> 00:01:48,775","00:01:47,040","00:01:48,775",1.7349999999999994,micro,med,27,"or their remaining critics in the media,"
tx_017.srt,tx_017,363,"00:18:29,341 --> 00:18:31,110","00:18:29,341","00:18:31,110",1.7690000000000055,micro,med,27,has laid out very clear rules on free speech.
tx_019.srt,tx_019,244,"00:07:19,844 --> 00:07:21,735","00:07:19,844","00:07:21,735",1.8910000000000196,micro,med,27,IN IT’S JUSTMARIA: IT’S INCREDI NEED THE FCC TO REMIND VIEWERS
tx_017.srt,tx_017,198,"00:11:46,305 --> 00:11:48,340","00:11:46,305","00:11:48,340",2.035000000000082,short,med,27,the FCC must be notified to threaten
tx_017.srt,tx_017,264,"00:14:24,096 --> 00:14:26,232","00:14:24,096","00:14:26,232",2.1359999999999673,short,med,27,their free speech incorrectly.
tx_022.srt,tx_022,148,"00:05:53,353 --> 00:05:55,589","00:05:53,353","00:05:55,589",2.23599999999999,short,med,27,particularly over the issue of free speech.
tx_019.srt,tx_019,148,"00:04:30,974 --> 00:04:33,275","00:04:30,974","00:04:33,275",2.3009999999999877,short,med,27,DISNEY’S THE VIEW IS NOW ASSERTING TO THE FCC THEY’RE A
tx_019.srt,tx_019,199,"00:05:53,257 --> 00:05:55,558","00:05:53,257","00:05:55,558",2.3009999999999877,short,med,27,THE BONE FIDE NEWS EXCEPTION AND THE FCC WALKED AWAY FROM THIS
tx_013.srt,tx_013,163,"00:06:21,248 --> 00:06:23,583","00:06:21,248","00:06:23,583",2.3350000000000364,short,med,27,"As threats go, that is pretty clear."
tx_019.srt,tx_019,138,"00:04:14,891 --> 00:04:17,259","00:04:14,891","00:04:17,259",2.3680000000000234,short,med,27,TIME TO BOTH. OVER THE YEARS THE FCC
tx_022.srt,tx_022,174,"00:06:47,608 --> 00:06:50,010","00:06:47,608","00:06:50,010",2.401999999999987,short,med,27,and we brought back free speech in America.
tx_019.srt,tx_019,113,"00:03:22,605 --> 00:03:25,097","00:03:22,605","00:03:25,097",2.4920000000000186,short,med,27,WE WANT TO MAKE SURE WE EXAMINE THIS AND THE REGULATORY
tx_022.srt,tx_022,277,"00:10:24,925 --> 00:10:27,528","00:10:24,925","00:10:27,528",2.6030000000000655,short,med,27,and urging media companies to stand up to Trump
tx_017.srt,tx_017,212,"00:12:12,765 --> 00:12:15,401","00:12:12,765","00:12:15,401",2.6359999999999673,short,med,27,"Look, there are certain rules of free speech"
tx_013.srt,tx_013,5,"00:00:12,012 --> 00:00:14,715","00:00:12,012","00:00:14,715",2.7029999999999994,short,med,27,"Jimmy Kimmel off the air, hours after a threat"
tx_022.srt,tx_022,170,"00:06:37,030 --> 00:06:39,833","00:06:37,030","00:06:39,833",2.803000000000054,short,med,27,The issue of free speech is clearly very important to them.
tx_022.srt,tx_022,152,"00:06:04,231 --> 00:06:07,167","00:06:04,231","00:06:07,167",2.9359999999999786,short,med,27,-There have been infringements on free speech
tx_022.srt,tx_022,177,"00:06:57,351 --> 00:07:00,287","00:06:57,351","00:07:00,287",2.9359999999999786,short,med,27,and brought back free speech in America.
tx_022.srt,tx_022,4,"00:00:06,940 --> 00:00:10,010","00:00:06,940","00:00:10,010",3.0700000000000003,short,med,27,his administration is pursuing a crackdown on free speech.
tx_022.srt,tx_022,151,"00:06:00,827 --> 00:06:04,231","00:06:00,827","00:06:04,231",3.4039999999999964,short,med,27,over free speech during Starmer's visit to DC.
tx_021.srt,tx_021,7,"00:00:13,119 --> 00:00:16,639","00:00:13,119","00:00:16,639",3.5199999999999996,short,med,27,>> Carr pressured the Walt Disney Company
tx_009.srt,tx_009,212,"00:03:57,770 --> 00:04:01,540","00:03:57,770","00:04:01,540",3.769999999999982,short,med,27,"THE FCC AND THEN THE FCC, BY"
tx_017.srt,tx_017,186,"00:11:14,540 --> 00:11:18,511","00:11:14,540","00:11:18,511",3.9710000000000036,short,med,27,You may call it free speech in jolly old England.
tx_021.srt,tx_021,55,"00:02:00,959 --> 00:02:05,117","00:02:00,959","00:02:05,117",4.158000000000001,short,med,27,"statement, the FCC says the website"
tx_023.srt,tx_023,16,"00:00:35,759 --> 00:00:40,238","00:00:35,759","00:00:40,238",4.478999999999999,short,med,27,lose their licenses.
tx_021.srt,tx_021,4,"00:00:06,480 --> 00:00:11,119","00:00:06,480","00:00:11,119",4.638999999999999,short,med,27,investigations of major media networks
tx_011.srt,tx_011,4,"00:00:07,200 --> 00:00:12,160","00:00:07,200","00:00:12,160",4.96,short,med,27,attack on our free speech that he's ever
tx_023.srt,tx_023,31,"00:01:09,438 --> 00:01:14,478","00:01:09,438","00:01:14,478",5.039999999999992,phrase,med,27,issue stirring free speech questions at
tx_024.srt,tx_024,76,"00:03:14,800 --> 00:03:20,159","00:03:14,800","00:03:20,159",5.3589999999999804,phrase,med,27,"licenses, sounds like he's telling them"
tx_010.srt,tx_010,39,"00:01:28,159 --> 00:01:33,519","00:01:28,159","00:01:33,519",5.359999999999999,phrase,med,27,license granted by us at the FCC and
tx_004.srt,tx_004,3,"00:00:08,000 --> 00:00:13,519","00:00:08,000","00:00:13,519",5.519,phrase,med,27,goes to the core of suppressing free
tx_015.srt,tx_015,231,"00:05:00,566 --> 00:05:01,567","00:05:00,566","00:05:01,567",1.0010000000000332,micro,med,26,and the pressure
tx_015.srt,tx_015,20,"00:00:25,291 --> 00:00:26,559","00:00:25,291","00:00:26,559",1.2680000000000007,micro,med,26,to silence a comedian
tx_019.srt,tx_019,147,"00:04:29,473 --> 00:04:30,963","00:04:29,473","00:04:30,963",1.490000000000009,micro,med,26,MIND LIKE MEET THE PRESS. DISNEY’S THE VIEW IS NOW
tx_015.srt,tx_015,233,"00:05:02,302 --> 00:05:03,803","00:05:02,302","00:05:03,803",1.5009999999999764,micro,med,26,"Yes, most of the pressure"
tx_013.srt,tx_013,591,"00:24:20,204 --> 00:24:21,827","00:24:20,204","00:24:21,827",1.6230000000000473,micro,med,26,with which he can pressure companies.
tx_015.srt,tx_015,19,"00:00:23,656 --> 00:00:25,291","00:00:23,656","00:00:25,291",1.6350000000000016,micro,med,26,is that a government threat
tx_019.srt,tx_019,88,"00:02:40,796 --> 00:02:42,920","00:02:40,796","00:02:42,920",2.1239999999999952,short,med,26,"THE FIRST GAME BROADCAST WAS THE 1939 WORLDS FAIR, AND IT BRINGS"
tx_019.srt,tx_019,223,"00:06:38,336 --> 00:06:41,128","00:06:38,336","00:06:41,128",2.791999999999973,short,med,26,"OF THE UNION WE HAD WHERE PRESIDENT TRUMP, THE POLITICAL"
tx_013.srt,tx_013,610,"00:25:14,780 --> 00:25:17,616","00:25:14,780","00:25:17,616",2.8360000000000127,short,med,26,But it really shouldn't take the threat of lost revenue
tx_019.srt,tx_019,224,"00:06:41,139 --> 00:06:44,064","00:06:41,139","00:06:44,064",2.9250000000000114,short,med,26,"PRESIDENT TRUMP, THE POLITICAL COLOSSUS OF OUR TIME, SHOWED THE"
tx_013.srt,tx_013,452,"00:19:03,905 --> 00:19:06,846","00:19:03,905","00:19:06,846",2.941000000000031,short,med,26,meaning that we are much less susceptible to pressure
tx_017.srt,tx_017,229,"00:12:48,567 --> 00:12:51,570","00:12:48,567","00:12:51,570",3.0030000000000427,short,med,26,People cannot just go on television and mislead
tx_019.srt,tx_019,28,"00:00:46,781 --> 00:00:50,017","00:00:46,781","00:00:50,017",3.236000000000004,short,med,26,THE ISSUE. THE SPORTS BROADCASTING ACT OF
tx_024.srt,tx_024,79,"00:03:21,840 --> 00:03:25,100","00:03:21,840","00:03:25,100",3.259999999999991,short,med,26,would represent a serious threat to our
tx_013.srt,tx_013,271,"00:10:42,342 --> 00:10:45,682","00:10:42,342","00:10:45,682",3.340000000000032,short,med,26,"to Ajit Pai, FCC chairman during Trump's first term,"
tx_017.srt,tx_017,163,"00:10:10,042 --> 00:10:13,713","00:10:10,042","00:10:13,713",3.6709999999999354,short,med,26,Is free speech more under attack in Britain or America?
tx_027.srt,tx_027,9,"00:00:17,600 --> 00:00:21,358","00:00:17,600","00:00:21,358",3.757999999999999,short,med,26,sitcom targeted President Trump's FCC
tx_013.srt,tx_013,596,"00:24:29,001 --> 00:24:32,905","00:24:29,001","00:24:32,905",3.9039999999999964,short,med,26,You could exert pressure on them by cancelling Disney+ or Hulu.
tx_001.srt,tx_001,18,"00:00:43,600 --> 00:00:47,519","00:00:43,600","00:00:47,519",3.918999999999997,short,med,26,their license should be taken away. I it
tx_020.srt,tx_020,18,"00:00:35,600 --> 00:00:39,680","00:00:35,600","00:00:39,680",4.079999999999998,short,med,26,"silenced by the government, a future"
tx_006.srt,tx_006,96,"00:03:55,360 --> 00:03:59,518","00:03:55,360","00:03:59,518",4.157999999999987,short,med,26,speech at the FCC.
tx_019.srt,tx_019,29,"00:00:50,051 --> 00:00:54,311","00:00:50,051","00:00:54,311",4.259999999999998,short,med,26,THE SPORTS BROADCASTING ACT OF 1961 ALLOWS PRO SPORTS LEAGUES
tx_025.srt,tx_025,70,"00:03:01,919 --> 00:03:06,237","00:03:01,919","00:03:06,237",4.317999999999984,short,med,26,"press release, this statement. Now, this"
tx_021.srt,tx_021,48,"00:01:46,399 --> 00:01:50,799","00:01:46,399","00:01:50,799",4.400000000000006,short,med,26,would think maybe their license should
tx_002.srt,tx_002,88,"00:03:38,000 --> 00:03:42,480","00:03:38,000","00:03:42,480",4.47999999999999,short,med,26,political pressure. Can you explain why
tx_024.srt,tx_024,89,"00:03:41,680 --> 00:03:46,239","00:03:41,680","00:03:46,239",4.5589999999999975,short,med,26,"threat to our freedoms. Oh man, do not"
tx_002.srt,tx_002,110,"00:04:27,360 --> 00:04:31,999","00:04:27,360","00:04:31,999",4.63900000000001,short,med,26,"Commissioner Gomez, how do FCC media"
tx_020.srt,tx_020,31,"00:01:04,478 --> 00:01:09,117","00:01:04,478","00:01:09,117",4.63900000000001,short,med,26,"air, but we shouldn't be threatening"
tx_011.srt,tx_011,16,"00:00:34,159 --> 00:00:38,878","00:00:34,159","00:00:38,878",4.719000000000001,short,med,26,changes came immediately after the FCC
tx_008.srt,tx_008,47,"00:01:34,159 --> 00:01:38,880","00:01:34,159","00:01:38,880",4.720999999999989,short,med,26,"you have a broadcast TV license, that"
tx_019.srt,tx_019,87,"00:02:35,792 --> 00:02:40,795","00:02:35,792","00:02:40,795",5.002999999999986,phrase,med,26,GREAT HISTORY IN THE COUNTRY. THE FIRST GAME BROADCAST WAS THE
tx_008.srt,tx_008,82,"00:02:47,759 --> 00:02:52,877","00:02:47,759","00:02:52,877",5.118000000000023,phrase,med,26,"posts? And is there pressure now, for"
tx_023.srt,tx_023,48,"00:01:45,840 --> 00:01:50,960","00:01:45,840","00:01:50,960",5.11999999999999,phrase,med,26,ramp up pressure on Russian President
tx_008.srt,tx_008,90,"00:03:04,400 --> 00:03:09,598","00:03:04,400","00:03:09,598",5.1980000000000075,phrase,med,26,public interest standard there there's
tx_019.srt,tx_019,273,"00:08:08,560 --> 00:08:09,394","00:08:08,560","00:08:09,394",0.8340000000000032,micro,med,25,"MARIA: BRENDAN CARR, GREAT TO HAVE YOU THIS MORNING."
tx_019.srt,tx_019,200,"00:05:55,559 --> 00:05:56,659","00:05:55,559","00:05:56,659",1.099999999999966,micro,med,25,THE FCC WALKED AWAY FROM THIS FOR YEARS.
tx_019.srt,tx_019,114,"00:03:25,108 --> 00:03:26,307","00:03:25,108","00:03:26,307",1.1989999999999839,micro,med,25,THIS AND THE REGULATORY STRUCTURE MAKES SENSE.
tx_019.srt,tx_019,39,"00:01:09,003 --> 00:01:10,303","00:01:09,003","00:01:10,303",1.2999999999999972,micro,med,25,BRENDAN CARR. GREAT TO SEE YOU THIS MORNING.
tx_019.srt,tx_019,167,"00:05:03,640 --> 00:05:04,940","00:05:03,640","00:05:04,940",1.3000000000000114,micro,med,25,NOTICES WITH THE FCC WHICH MEANS JASMINE CROCKETT AND OTHERS CAN
tx_019.srt,tx_019,272,"00:08:07,192 --> 00:08:08,549","00:08:07,192","00:08:08,549",1.356999999999971,micro,med,25,"THAT. MARIA: BRENDAN CARR, GREAT TO"
tx_013.srt,tx_013,320,"00:12:48,401 --> 00:12:49,936","00:12:48,401","00:12:49,936",1.5350000000000819,micro,med,25,of the government pressuring companies
tx_019.srt,tx_019,149,"00:04:33,276 --> 00:04:35,234","00:04:33,276","00:04:35,234",1.95799999999997,micro,med,25,ASSERTING TO THE FCC THEY’RE A BONE FIDE NEWS PROGRAM AND WE
tx_022.srt,tx_022,86,"00:03:21,268 --> 00:03:23,303","00:03:21,268","00:03:23,303",2.0349999999999966,short,med,25,"Now, Trump was obviously impressed"
tx_019.srt,tx_019,182,"00:05:28,732 --> 00:05:30,957","00:05:28,732","00:05:30,957",2.224999999999966,short,med,25,FCC’S RULES IS WHETHER YOU ARE PURSUING PARTISAN POLITICAL
tx_013.srt,tx_013,393,"00:16:41,380 --> 00:16:43,640","00:16:41,380","00:16:43,640",2.259999999999991,short,med,25,is that someone cannot go on broadcast TV
tx_009.srt,tx_009,306,"00:05:32,932 --> 00:05:35,266","00:05:32,932","00:05:35,266",2.334000000000003,short,med,25,"SUPPORTS BRENDAN CARR HERE. SO,"
tx_019.srt,tx_019,166,"00:05:01,238 --> 00:05:03,639","00:05:01,238","00:05:03,639",2.4010000000000105,short,med,25,RECENTLY FILED EQUAL TIME NOTICES WITH THE FCC WHICH MEANS
tx_019.srt,tx_019,173,"00:05:14,051 --> 00:05:16,543","00:05:14,051","00:05:16,543",2.4920000000000186,short,med,25,MARIA: WOULD BIT ENOUGH FOR THE FCC TO JUST HEAR THEM ADMIT
tx_009.srt,tx_009,181,"00:03:14,993 --> 00:03:17,496","00:03:14,993","00:03:17,496",2.5030000000000143,short,med,25,WORK OF THE FCC. AND WHAT.
tx_019.srt,tx_019,25,"00:00:42,477 --> 00:00:45,169","00:00:42,477","00:00:45,169",2.692,short,med,25,PRICE TAG PER SEASON. THE FCC SAYS WEDNESDAY IT WOULD
tx_009.srt,tx_009,44,"00:00:39,371 --> 00:00:42,206","00:00:39,371","00:00:42,206",2.835000000000001,short,med,25,BACKDROP OF JIMMY KIMMEL LIVE.
tx_009.srt,tx_009,217,"00:04:06,111 --> 00:04:09,079","00:04:06,111","00:04:09,079",2.9680000000000177,short,med,25,EPISODE IS THE FCC AND MYSELF
tx_013.srt,tx_013,427,"00:17:56,943 --> 00:18:00,046","00:17:56,943","00:18:00,046",3.1030000000000655,short,med,25,But even the threat of an investigation
tx_009.srt,tx_009,164,"00:02:46,998 --> 00:02:50,135","00:02:46,998","00:02:50,135",3.1370000000000005,short,med,25,"THE FCC AHEAD, A VERY"
tx_009.srt,tx_009,249,"00:04:38,343 --> 00:04:41,579","00:04:38,343","00:04:41,579",3.23599999999999,short,med,25,WHY DO YOU SEE THE FCC.
tx_003.srt,tx_003,1,"00:00:00,080 --> 00:00:03,439","00:00:00,080","00:00:03,439",3.359,short,med,25,The Trump administration's pressuring of
tx_020.srt,tx_020,32,"00:01:06,719 --> 00:01:10,797","00:01:06,719","00:01:10,797",4.078000000000003,short,med,25,government power to force him off air.
tx_008.srt,tx_008,76,"00:02:34,639 --> 00:02:38,719","00:02:34,639","00:02:38,719",4.079999999999984,short,med,25,uh 2019. Should the government censor
tx_006.srt,tx_006,60,"00:02:30,318 --> 00:02:35,279","00:02:30,318","00:02:35,279",4.960999999999984,short,med,25,media to Trump's firing of inspectors
tx_004.srt,tx_004,6,"00:00:15,519 --> 00:00:21,759","00:00:15,519","00:00:21,759",6.24,phrase,med,25,critics by threatening to revoke
tx_024.srt,tx_024,8,"00:00:22,000 --> 00:00:29,038","00:00:22,000","00:00:29,038",7.038,phrase,med,25,"Trump's FCC chair, ABC yanked Kimmel off"
tx_015.srt,tx_015,160,"00:03:38,851 --> 00:03:39,886","00:03:38,851","00:03:39,886",1.0349999999999966,micro,med,24,And I think that's critical
tx_019.srt,tx_019,85,"00:02:33,155 --> 00:02:34,288","00:02:33,155","00:02:34,288",1.1330000000000098,micro,med,24,MARKETPLACE. SPORTS AND BROADCASTING HAS A
tx_013.srt,tx_013,228,"00:09:05,445 --> 00:09:06,713","00:09:05,445","00:09:06,713",1.2679999999999154,micro,med,24,"the chairman of the FCC,"
tx_019.srt,tx_019,31,"00:00:56,792 --> 00:00:58,091","00:00:56,792","00:00:58,091",1.2989999999999995,micro,med,24,TO PULL BROADCASTING RIGHTS AND SIGN EXCLUSIVE CONTRACTS WITH
tx_017.srt,tx_017,301,"00:15:53,619 --> 00:15:54,920","00:15:53,619","00:15:54,920",1.3009999999999309,micro,med,24,"The First Amendment, though, does not"
tx_019.srt,tx_019,61,"00:01:50,012 --> 00:01:51,503","00:01:50,012","00:01:51,503",1.4909999999999997,micro,med,24,BROADCAST TV THROUGH MUST WATCHED GAMES IT HELPS TO MAKE
tx_019.srt,tx_019,86,"00:02:34,290 --> 00:02:35,781","00:02:34,290","00:02:35,781",1.4910000000000139,micro,med,24,SPORTS AND BROADCASTING HAS A GREAT HISTORY IN THE COUNTRY.
tx_009.srt,tx_009,187,"00:03:22,633 --> 00:03:24,135","00:03:22,633","00:03:24,135",1.5019999999999811,micro,med,24,>> REVOKE THE LICENSE OF.
tx_019.srt,tx_019,146,"00:04:27,771 --> 00:04:29,462","00:04:27,771","00:04:29,462",1.690999999999974,micro,med,24,"PROGRAMMING, THEY HAD THINGS IN MIND LIKE MEET THE PRESS."
tx_009.srt,tx_009,51,"00:00:48,280 --> 00:00:50,048","00:00:48,280","00:00:50,048",1.7680000000000007,micro,med,24,>> FROM THE FCC.
tx_019.srt,tx_019,131,"00:04:03,947 --> 00:04:05,738","00:04:03,947","00:04:05,738",1.7909999999999968,micro,med,24,LAW AND THEY DIDN’T WANT MEDIA GATE KEEPERS TO BE DECIDING THE
tx_009.srt,tx_009,200,"00:03:45,223 --> 00:03:47,058","00:03:45,223","00:03:47,058",1.8349999999999795,micro,med,24,>> LICENSED BY THE.
tx_017.srt,tx_017,188,"00:11:20,012 --> 00:11:21,847","00:11:20,012","00:11:21,847",1.8350000000000364,micro,med,24,called the First Amendment.
tx_019.srt,tx_019,222,"00:06:36,434 --> 00:06:38,325","00:06:36,434","00:06:38,325",1.8909999999999627,micro,med,24,>> THIS WEEK WE HAD THE STATE OF THE UNION WE HAD WHERE
tx_019.srt,tx_019,174,"00:05:16,554 --> 00:05:18,487","00:05:16,554","00:05:18,487",1.9330000000000496,micro,med,24,FCC TO JUST HEAR THEM ADMIT THEY’RE NOT BONE FIDE NEWS?
tx_009.srt,tx_009,150,"00:02:24,877 --> 00:02:26,846","00:02:24,877","00:02:26,846",1.968999999999994,micro,med,24,>> JIMMY KIMMEL.
tx_009.srt,tx_009,132,"00:02:04,156 --> 00:02:06,224","00:02:04,156","00:02:06,224",2.067999999999998,short,med,24,>> CHAIRMAN BRENDAN CARR.
tx_021.srt,tx_021,18,"00:00:37,759 --> 00:00:39,839","00:00:37,759","00:00:39,839",2.0799999999999983,short,med,24,comply with the public interest
tx_015.srt,tx_015,126,"00:02:52,138 --> 00:02:54,374","00:02:52,138","00:02:54,374",2.23599999999999,short,med,24,"Jimmy Jimmy Kimmel coming back,"
tx_019.srt,tx_019,213,"00:06:16,914 --> 00:06:19,315","00:06:16,914","00:06:19,315",2.4010000000000105,short,med,24,"CELEBRATE,ING THE PATRIOTISM SPREADING TO ON AIR BROADCASTS."
tx_013.srt,tx_013,182,"00:07:07,027 --> 00:07:09,462","00:07:07,027","00:07:09,462",2.4350000000000023,short,med,24,and need approval and regulatory changes
tx_019.srt,tx_019,30,"00:00:54,322 --> 00:00:56,781","00:00:54,322","00:00:56,781",2.458999999999996,short,med,24,1961 ALLOWS PRO SPORTS LEAGUES TO PULL BROADCASTING RIGHTS AND
tx_009.srt,tx_009,120,"00:01:52,545 --> 00:01:55,046","00:01:52,545","00:01:55,046",2.5010000000000048,short,med,24,>> OUT AGAINST THE FCC'S.
tx_013.srt,tx_013,236,"00:09:24,872 --> 00:09:27,467","00:09:24,872","00:09:27,467",2.5950000000000273,short,med,24,by the chairman of the FCC.
tx_009.srt,tx_009,138,"00:02:09,528 --> 00:02:12,162","00:02:09,528","00:02:12,162",2.6340000000000146,short,med,24,TO REVOKE. THE BROADCAST
tx_019.srt,tx_019,70,"00:02:03,659 --> 00:02:06,294","00:02:03,659","00:02:06,294",2.634999999999991,short,med,24,SPORTS BROADCASTING ACT. MARIA: IT CREATES ALL OF THESE
tx_013.srt,tx_013,7,"00:00:17,384 --> 00:00:20,020","00:00:17,384","00:00:20,020",2.6359999999999992,short,med,24,Brendan Carr called for Kimmel's suspension
tx_009.srt,tx_009,380,"00:06:57,315 --> 00:06:59,984","00:06:57,315","00:06:59,984",2.6689999999999827,short,med,24,"ABOUT THE SPEECH, BUT HE'S"
tx_009.srt,tx_009,131,"00:02:02,989 --> 00:02:05,691","00:02:02,989","00:02:05,691",2.701999999999998,short,med,24,">> MEANWHILE, FCC."
tx_019.srt,tx_019,256,"00:07:39,998 --> 00:07:42,723","00:07:39,998","00:07:42,723",2.7250000000000227,short,med,24,">> YEAH, YOU’RE RIGHT. LOOK, WE STARTED THE FCC’S OPEN"
tx_019.srt,tx_019,60,"00:01:47,242 --> 00:01:50,010","00:01:47,242","00:01:50,010",2.7680000000000007,short,med,24,WHEN WE DRIVE PEOPLE TO BROADCAST TV THROUGH MUST
tx_019.srt,tx_019,214,"00:06:19,317 --> 00:06:22,109","00:06:19,317","00:06:22,109",2.791999999999973,short,med,24,SPREADING TO ON AIR BROADCASTS. YOU ANNOUNCED THE CAMPAIGN
tx_009.srt,tx_009,137,"00:02:08,794 --> 00:02:11,596","00:02:08,794","00:02:11,596",2.8019999999999925,short,med,24,>> DENYING THAT HE THREATENED
tx_009.srt,tx_009,172,"00:03:01,347 --> 00:03:04,182","00:03:01,347","00:03:04,182",2.8349999999999795,short,med,24,">> KNOW, THE FCC IS GOING."
tx_011.srt,tx_011,10,"00:00:22,320 --> 00:00:25,199","00:00:22,320","00:00:25,199",2.8790000000000013,short,med,24,Ken Pollson with the First Amendment
tx_009.srt,tx_009,201,"00:03:45,957 --> 00:03:48,860","00:03:45,957","00:03:48,860",2.90300000000002,short,med,24,>> FCC AND WHAT WE CALL
tx_009.srt,tx_009,400,"00:07:33,119 --> 00:07:36,122","00:07:33,119","00:07:36,122",3.002999999999986,short,med,24,IF THE PRESIDENT IN HIS SPEECH
tx_009.srt,tx_009,296,"00:05:17,882 --> 00:05:20,951","00:05:17,882","00:05:20,951",3.069000000000017,short,med,24,>> DIRECT THREAT OR NOT. THERE
tx_024.srt,tx_024,180,"00:08:09,759 --> 00:08:12,879","00:08:09,759","00:08:12,879",3.1200000000000045,short,med,24,They're licensed. They're not allowed to
tx_016.srt,tx_016,11,"00:00:30,631 --> 00:00:34,034","00:00:30,631","00:00:34,034",3.4029999999999987,short,med,24,"I go, ""That's not me. That's Jimmy Kimmel."""
tx_017.srt,tx_017,379,"00:19:21,660 --> 00:19:25,063","00:19:21,660","00:19:25,063",3.40300000000002,short,med,24,around-- are the naysayers and the critics right?
tx_009.srt,tx_009,218,"00:04:07,780 --> 00:04:11,215","00:04:07,780","00:04:11,215",3.4350000000000023,short,med,24,"IN PARTICULAR, HAVE EXPRESSED"
tx_022.srt,tx_022,91,"00:03:31,111 --> 00:03:34,548","00:03:31,111","00:03:34,548",3.437000000000012,short,med,24,for President Trump's second state visit to the UK.
tx_010.srt,tx_010,41,"00:01:33,519 --> 00:01:36,958","00:01:33,519","00:01:36,958",3.438999999999993,short,med,24,operate in the public interest. And we
tx_024.srt,tx_024,52,"00:02:20,878 --> 00:02:24,317","00:02:20,878","00:02:24,317",3.4390000000000214,short,med,24,"I mean, given the FCC's response, I was"
tx_026.srt,tx_026,1,"00:00:00,160 --> 00:00:03,600","00:00:00,160","00:00:03,600",3.44,short,med,24,"Will the head of the FCC be okay,"
tx_008.srt,tx_008,104,"00:03:31,199 --> 00:03:34,798","00:03:31,199","00:03:34,798",3.5989999999999895,short,med,24,enforcement of public interest. And it's
tx_009.srt,tx_009,216,"00:04:04,075 --> 00:04:07,712","00:04:04,075","00:04:07,712",3.6370000000000005,short,med,24,IN THE CONTEXT OF THE KIMMEL
tx_002.srt,tx_002,73,"00:02:58,800 --> 00:03:02,480","00:02:58,800","00:03:02,480",3.6799999999999784,short,med,24,censorship and most notably the over a
tx_011.srt,tx_011,44,"00:01:45,040 --> 00:01:48,720","00:01:45,040","00:01:48,720",3.6799999999999926,short,med,24,"hydrogen bomb of censorship. I mean,"
tx_009.srt,tx_009,299,"00:05:21,319 --> 00:05:25,056","00:05:21,319","00:05:25,056",3.7369999999999663,short,med,24,>> THAT THE FCC WAS GOING TO DO.
tx_008.srt,tx_008,43,"00:01:26,319 --> 00:01:30,158","00:01:26,319","00:01:30,158",3.8389999999999986,short,med,24,public interest. Podcasts don't either.
tx_021.srt,tx_021,38,"00:01:23,519 --> 00:01:27,358","00:01:23,519","00:01:27,358",3.8389999999999986,short,med,24,including Jimmy Kimmel. Kimmel was
tx_011.srt,tx_011,1,"00:00:00,240 --> 00:00:04,160","00:00:00,240","00:00:04,160",3.92,short,med,24,An expert on the First Amendment says
tx_008.srt,tx_008,94,"00:03:13,039 --> 00:03:17,039","00:03:13,039","00:03:17,039",4.0,short,med,24,massive surge in censorship on the
tx_010.srt,tx_010,6,"00:00:14,718 --> 00:00:18,719","00:00:14,718","00:00:18,719",4.001000000000001,short,med,24,"here for the FCC. So, there are are some"
tx_008.srt,tx_008,68,"00:02:17,919 --> 00:02:21,999","00:02:17,919","00:02:21,999",4.079999999999984,short,med,24,want at the FCC. We want to empower
tx_002.srt,tx_002,52,"00:02:03,519 --> 00:02:07,757","00:02:03,519","00:02:07,757",4.2379999999999995,short,med,24,news organizations that were critical of
tx_024.srt,tx_024,90,"00:03:44,158 --> 00:03:48,398","00:03:44,158","00:03:48,398",4.240000000000009,short,med,24,tell Brendan Carr that Brendan Carr said
tx_011.srt,tx_011,52,"00:02:02,399 --> 00:02:06,719","00:02:02,399","00:02:06,719",4.319999999999993,short,med,24,protected under the First Amendment.
tx_011.srt,tx_011,8,"00:00:18,000 --> 00:00:22,320","00:00:18,000","00:00:22,320",4.32,short,med,24,an attack on all of our First Amendment
tx_024.srt,tx_024,10,"00:00:29,039 --> 00:00:33,519","00:00:29,039","00:00:33,519",4.479999999999997,short,med,24,censorship. And it always starts small.
tx_005.srt,tx_005,6,"00:00:15,119 --> 00:00:19,678","00:00:15,119","00:00:19,678",4.559000000000001,short,med,24,the the FCC. We're not happy until
tx_006.srt,tx_006,87,"00:03:32,400 --> 00:03:37,039","00:03:32,400","00:03:37,039",4.638999999999982,short,med,24,in is meant to criticize the Trump
tx_002.srt,tx_002,116,"00:04:41,120 --> 00:04:45,759","00:04:41,120","00:04:45,759",4.63900000000001,short,med,24,about the public interest in local
tx_024.srt,tx_024,94,"00:03:57,280 --> 00:04:01,919","00:03:57,280","00:04:01,919",4.63900000000001,short,med,24,"Brendan Carr's comments, they see they"
tx_008.srt,tx_008,80,"00:02:43,039 --> 00:02:47,758","00:02:43,039","00:02:47,758",4.7190000000000225,short,med,24,"quote public interest. Um, how do you"
tx_005.srt,tx_005,2,"00:00:05,200 --> 00:00:10,079","00:00:05,200","00:00:10,079",4.8790000000000004,short,med,24,"Carr. Yes. Uh, so this guy, the FCC, is"
tx_002.srt,tx_002,49,"00:01:55,920 --> 00:02:00,880","00:01:55,920","00:02:00,880",4.959999999999994,short,med,24,weaponization of the FCC in the last
tx_005.srt,tx_005,10,"00:00:23,839 --> 00:00:28,879","00:00:23,839","00:00:28,879",5.040000000000003,phrase,med,24,I went to Chicago to the FCC. You take a
tx_021.srt,tx_021,47,"00:01:44,000 --> 00:01:49,040","00:01:44,000","00:01:49,040",5.040000000000006,phrase,med,24,"mean, they're getting a license. I I"
tx_011.srt,tx_011,24,"00:00:50,558 --> 00:00:55,758","00:00:50,558","00:00:55,758",5.200000000000003,phrase,med,24,"when the head of the FCC, a a a body"
tx_020.srt,tx_020,14,"00:00:26,239 --> 00:00:31,517","00:00:26,239","00:00:31,517",5.277999999999999,phrase,med,24,Chair Brendan Carr on his podcast. on
tx_002.srt,tx_002,20,"00:00:42,000 --> 00:00:47,280","00:00:42,000","00:00:47,280",5.280000000000001,phrase,med,24,the imp independence of the FCC free
tx_001.srt,tx_001,17,"00:00:40,399 --> 00:00:45,759","00:00:40,399","00:00:45,759",5.359999999999999,phrase,med,24,getting a license. I I would think maybe
tx_006.srt,tx_006,66,"00:02:44,800 --> 00:02:50,239","00:02:44,800","00:02:50,239",5.438999999999993,phrase,med,24,such violations of the first amendment
tx_024.srt,tx_024,211,"00:09:29,278 --> 00:09:35,119","00:09:29,278","00:09:35,119",5.841000000000008,phrase,med,24,long campaign against media critics.
tx_004.srt,tx_004,7,"00:00:17,519 --> 00:00:24,078","00:00:17,519","00:00:24,078",6.559000000000001,phrase,med,24,licenses or stop mergers.
tx_024.srt,tx_024,7,"00:00:18,879 --> 00:00:25,758","00:00:18,879","00:00:25,758",6.878999999999998,phrase,med,24,"good. Yesterday, after threats from"
tx_015.srt,tx_015,243,"00:05:16,449 --> 00:05:17,383","00:05:16,449","00:05:17,383",0.9339999999999691,micro,med,23,free speech.
tx_009.srt,tx_009,9,"00:00:08,173 --> 00:00:09,473","00:00:08,173","00:00:09,473",1.3000000000000007,micro,med,23,>> PRESIDENT TRUMP WILL DELIVER.
tx_019.srt,tx_019,221,"00:06:35,100 --> 00:06:36,423","00:06:35,100","00:06:36,423",1.322999999999979,micro,med,23,WHAT RESPONSE ARE YOU GETTING. >> THIS WEEK WE HAD THE STATE
tx_009.srt,tx_009,116,"00:01:48,974 --> 00:01:50,308","00:01:48,974","00:01:50,308",1.3340000000000032,micro,med,23,>> FREEDOM OF SPEECH IN OUR
tx_009.srt,tx_009,11,"00:00:09,541 --> 00:00:10,974","00:00:09,541","00:00:10,974",1.4329999999999998,micro,med,23,>> SPEECH TO.
tx_015.srt,tx_015,272,"00:06:01,894 --> 00:06:03,363","00:06:01,894","00:06:03,363",1.468999999999994,micro,med,23,Carr at the FCC do?
tx_019.srt,tx_019,80,"00:02:26,515 --> 00:02:28,116","00:02:26,515","00:02:28,116",1.6010000000000275,micro,med,23,">> WE’RE LOOKING AT I WE ISSUED A PUBLIC NOTICE, ASKING FOR"
tx_016.srt,tx_016,71,"00:03:23,871 --> 00:03:25,639","00:03:23,871","00:03:25,639",1.7680000000000007,micro,med,23,"[ As Trump ] Chop 'em up, chop 'em up."
tx_022.srt,tx_022,267,"00:10:02,236 --> 00:10:04,004","00:10:02,236","00:10:04,004",1.768000000000029,micro,med,23,and our institutions and our government.
tx_022.srt,tx_022,224,"00:08:35,582 --> 00:08:37,384","00:08:35,582","00:08:37,384",1.802000000000021,micro,med,23,by authoritarian strongmen
tx_013.srt,tx_013,646,"00:26:28,053 --> 00:26:29,859","00:26:28,053","00:26:29,859",1.8059999999998126,micro,med,23,"After Kimmel's suspension, Trump posted..."
tx_019.srt,tx_019,15,"00:00:26,060 --> 00:00:27,951","00:00:26,060","00:00:27,951",1.8910000000000018,micro,med,23,"MACRO STORY. 7:45, FORMER STATE DEPARTMENT"
tx_019.srt,tx_019,130,"00:04:02,045 --> 00:04:03,936","00:04:02,045","00:04:03,936",1.8910000000000196,micro,med,23,">> LONG AGO, CONGRESS PASSED A LAW AND THEY DIDN’T WANT MEDIA"
tx_009.srt,tx_009,125,"00:01:57,081 --> 00:01:58,984","00:01:57,081","00:01:58,984",1.9029999999999916,micro,med,23,>> IT ABSOLUTELY.
tx_019.srt,tx_019,16,"00:00:27,962 --> 00:00:29,920","00:00:27,962","00:00:29,920",1.958000000000002,micro,med,23,"7:45, FORMER STATE DEPARTMENT SENIOR ADVISOR CHRISTIAN WHITON"
tx_009.srt,tx_009,319,"00:05:46,211 --> 00:05:48,312","00:05:46,211","00:05:48,312",2.100999999999999,short,med,23,>> CARR IN THE AFTERMATH OF THE
tx_013.srt,tx_013,449,"00:18:57,970 --> 00:19:00,201","00:18:57,970","00:19:00,201",2.2309999999999945,short,med,23,"We're not on broadcast TV, we're on cable."
tx_019.srt,tx_019,21,"00:00:34,001 --> 00:00:36,236","00:00:34,001","00:00:36,236",2.2349999999999994,short,med,23,LAUNCHING AN INVESTIGATION INTO THE SOARING COST OF SPORTS
tx_013.srt,tx_013,496,"00:20:44,643 --> 00:20:46,946","00:20:44,643","00:20:46,946",2.3029999999998836,short,med,23,"It's frankly no wonder Trump's a fan of Orban,"
tx_013.srt,tx_013,195,"00:07:42,028 --> 00:07:44,364","00:07:42,028","00:07:44,364",2.335999999999956,short,med,23,companies should pull Kimmel off the air
tx_013.srt,tx_013,322,"00:12:50,937 --> 00:12:53,306","00:12:50,937","00:12:53,306",2.369000000000028,short,med,23,And it is not like even Trump is trying to hide it.
tx_016.srt,tx_016,135,"00:06:44,505 --> 00:06:46,874","00:06:44,505","00:06:46,874",2.369000000000028,short,med,23,"We should do this again. I love this."""
tx_009.srt,tx_009,129,"00:02:00,284 --> 00:02:02,921","00:02:00,284","00:02:02,921",2.6370000000000005,short,med,23,>> TEXAS CALLING IT DANGEROUS
tx_013.srt,tx_013,316,"00:12:38,258 --> 00:12:40,927","00:12:38,258","00:12:40,927",2.6689999999999827,short,med,23,"They did that, sometimes even directly citing Carr"
tx_011.srt,tx_011,20,"00:00:43,920 --> 00:00:46,799","00:00:43,920","00:00:46,799",2.878999999999998,short,med,23,First Amendment rights?
tx_013.srt,tx_013,615,"00:25:25,891 --> 00:25:28,827","00:25:25,891","00:25:28,827",2.935999999999922,short,med,23,to talk directly to Disney CEO Bob Iger.
tx_013.srt,tx_013,178,"00:06:55,181 --> 00:06:58,184","00:06:55,181","00:06:58,184",3.0030000000000427,short,med,23,"to keep both Carr and the Trump administration happy right now,"
tx_027.srt,tx_027,50,"00:01:51,680 --> 00:01:54,880","00:01:51,680","00:01:54,880",3.1999999999999886,short,med,23,warns Carr that he is interfering with
tx_022.srt,tx_022,280,"00:10:30,797 --> 00:10:34,034","00:10:30,797","00:10:34,034",3.2369999999999663,short,med,23,toward an authoritarian form of society.
tx_017.srt,tx_017,315,"00:16:34,159 --> 00:16:37,429","00:16:34,159","00:16:37,429",3.269999999999982,short,med,23,"Donald Trump, Jr. shared an image of a hammer and a pair"
tx_016.srt,tx_016,35,"00:01:42,169 --> 00:01:45,606","00:01:42,169","00:01:45,606",3.4369999999999976,short,med,23,project images onto the sides of Windsor Castle of Trump
tx_013.srt,tx_013,495,"00:20:40,673 --> 00:20:44,197","00:20:40,673","00:20:44,197",3.5239999999998872,short,med,23,"And if that is starting to sound familiar to you, it should."
tx_017.srt,tx_017,368,"00:18:46,291 --> 00:18:49,928","00:18:46,291","00:18:49,928",3.637000000000171,short,med,23,"unitary intimidation, principleless and coldly"
tx_009.srt,tx_009,398,"00:07:29,382 --> 00:07:33,051","00:07:29,382","00:07:33,051",3.6689999999999827,short,med,23,ON PALESTINIAN STATEHOOD. IT
